Descrição da Taxa;Dias Úteis;Dias Corridos;Preço/Taxa
DI x pré;1;3;13,90
DI x pré;4;6;13,90
DI x pré;5;7;13,90
DI x pré;6;10;13,90
DI x pré;7;11;13,90
DI x pré;10;14;13,87
DI x pré;14;21;13,85
DI x pré;15;24;13,85
DI x pré;16;25;13,85
DI x pré;17;26;13,84
DI x pré;18;27;13,84
DI x pré;19;28;13,84
DI x pré;20;31;13,84
DI x pré;21;32;13,84
DI x pré;24;35;13,83
DI x pré;25;38;13,83
DI x pré;26;39;13,83
DI x pré;27;40;13,83
DI x pré;28;41;13,83
DI x pré;36;54;13,79
DI x pré;37;55;13,79
DI x pré;38;56;13,79
DI x pré;39;59;13,79
DI x pré;40;60;13,78
DI x pré;41;61;13,78
DI x pré;46;68;13,77
DI x pré;47;69;13,77
DI x pré;48;70;13,77
DI x pré;49;74;13,76
DI x pré;58;87;13,74
DI x pré;59;88;13,74
DI x pré;60;89;13,74
DI x pré;61;90;13,74
DI x pré;67;101;13,73
DI x pré;68;102;13,73
DI x pré;78;116;13,72
DI x pré;79;117;13,71
DI x pré;80;118;13,71
DI x pré;81;119;13,71
DI x pré;82;122;13,71
DI x pré;86;129;13,71
DI x pré;87;130;13,71
DI x pré;88;131;13,71
DI x pré;90;136;13,71
DI x pré;99;147;13,71
DI x pré;100;150;13,71
DI x pré;102;152;13,71
DI x pré;109;161;13,71
DI x pré;110;164;13,71
DI x pré;117;175;13,72
DI x pré;118;178;13,72
DI x pré;119;179;13,72
DI x pré;120;180;13,72
DI x pré;125;187;13,72
DI x pré;126;188;13,72
DI x pré;127;189;13,72
DI x pré;128;192;13,72
DI x pré;138;206;13,73
DI x pré;142;210;13,73
DI x pré;143;213;13,74
DI x pré;147;220;13,74
DI x pré;149;222;13,74
DI x pré;150;223;13,74
DI x pré;159;236;13,75
DI x pré;161;238;13,75
DI x pré;162;241;13,75
DI x pré;168;250;13,75
DI x pré;169;251;13,75
DI x pré;170;252;13,75
DI x pré;171;255;13,76
DI x pré;181;269;13,76
DI x pré;182;270;13,76
DI x pré;184;272;13,77
DI x pré;190;283;13,77
DI x pré;191;284;13,77
DI x pré;202;299;13,78
DI x pré;203;300;13,78
DI x pré;204;301;13,78
DI x pré;211;312;13,79
DI x pré;212;313;13,79
DI x pré;213;314;13,79
DI x pré;223;328;13,79
DI x pré;225;332;13,79
DI x pré;233;342;13,80
DI x pré;235;346;13,80
DI x pré;244;357;13,81
DI x pré;245;360;13,81
DI x pré;247;362;13,81
DI x pré;266;390;13,82
DI x pré;271;397;13,83
DI x pré;278;406;13,83
DI x pré;285;418;13,83
DI x pré;287;420;13,83
DI x pré;297;434;13,83
DI x pré;298;437;13,83
DI x pré;307;452;13,84
DI x pré;318;467;13,84
DI x pré;327;480;13,85
DI x pré;328;481;13,85
DI x pré;332;487;13,85
DI x pré;339;496;13,86
DI x pré;341;500;13,86
DI x pré;349;510;13,87
DI x pré;351;514;13,87
DI x pré;361;528;13,88
DI x pré;371;542;13,89
DI x pré;372;543;13,89
DI x pré;373;544;13,89
DI x pré;389;570;13,91
DI x pré;391;572;13,91
DI x pré;404;591;13,92
DI x pré;411;600;13,93
DI x pré;430;630;13,95
DI x pré;431;633;13,95
DI x pré;444;650;13,97
DI x pré;451;661;13,98
DI x pré;453;663;13,98
DI x pré;457;670;13,98
DI x pré;465;682;13,99
DI x pré;471;690;14,00
DI x pré;493;720;14,04
DI x pré;496;725;14,04
DI x pré;497;726;14,04
DI x pré;509;742;14,06
DI x pré;514;752;14,07
DI x pré;521;761;14,08
DI x pré;529;773;14,09
DI x pré;534;780;14,09
DI x pré;550;803;14,11
DI x pré;554;810;14,12
DI x pré;559;818;14,12
DI x pré;569;833;14,13
DI x pré;574;840;14,13
DI x pré;582;852;14,14
DI x pré;589;865;14,15
DI x pré;593;871;14,15
DI x pré;614;900;14,17
DI x pré;619;909;14,18
DI x pré;634;930;14,20
DI x pré;650;955;14,21
DI x pré;655;962;14,22
DI x pré;674;990;14,24
DI x pré;680;998;14,24
DI x pré;695;1020;14,25
DI x pré;713;1046;14,27
DI x pré;717;1050;14,27
DI x pré;735;1076;14,28
DI x pré;738;1081;14,28
DI x pré;745;1090;14,28
DI x pré;759;1110;14,29
DI x pré;777;1137;14,29
DI x pré;780;1140;14,30
DI x pré;799;1168;14,30
DI x pré;800;1172;14,30
DI x pré;808;1183;14,30
DI x pré;818;1200;14,31
DI x pré;838;1230;14,32
DI x pré;870;1274;14,33
DI x pré;899;1319;14,33
DI x pré;929;1363;14,35
DI x pré;961;1410;14,36
DI x pré;983;1440;14,37
DI x pré;994;1455;14,37
DI x pré;1018;1489;14,38
DI x pré;1027;1502;14,38
DI x pré;1060;1550;14,39
DI x pré;1081;1580;14,40
DI x pré;1090;1595;14,40
DI x pré;1122;1641;14,40
DI x pré;1142;1671;14,41
DI x pré;1151;1684;14,41
DI x pré;1180;1728;14,42
DI x pré;1192;1746;14,42
DI x pré;1203;1762;14,43
DI x pré;1212;1775;14,43
DI x pré;1231;1802;14,44
DI x pré;1245;1820;14,44
DI x pré;1256;1837;14,44
DI x pré;1268;1853;14,45
DI x pré;1278;1867;14,45
DI x pré;1311;1914;14,46
DI x pré;1320;1928;14,47
DI x pré;1332;1944;14,47
DI x pré;1342;1960;14,48
DI x pré;1371;2005;14,48
DI x pré;1434;2096;14,49
DI x pré;1479;2160;14,50
DI x pré;1498;2187;14,50
DI x pré;1560;2279;14,51
DI x pré;1594;2327;14,51
DI x pré;1625;2370;14,51
DI x pré;1685;2460;14,51
DI x pré;1728;2520;14,52
DI x pré;1749;2551;14,52
DI x pré;1812;2644;14,52
DI x pré;1845;2691;14,52
DI x pré;1877;2735;14,52
DI x pré;1935;2824;14,52
DI x pré;1974;2880;14,52
DI x pré;2000;2916;14,52
DI x pré;2063;3009;14,52
DI x pré;2093;3056;14,52
DI x pré;2123;3100;14,52
DI x pré;2184;3189;14,51
DI x pré;2220;3240;14,50
DI x pré;2249;3281;14,50
DI x pré;2312;3374;14,50
DI x pré;2342;3421;14,49
DI x pré;2374;3465;14,50
DI x pré;2433;3555;14,50
DI x pré;2464;3601;14,50
DI x pré;2498;3647;14,50
DI x pré;2564;3741;14,51
DI x pré;2595;3787;14,51
DI x pré;2626;3834;14,51
DI x pré;2685;3920;14,50
DI x pré;2712;3960;14,50
DI x pré;2750;4014;14,50
DI x pré;2812;4105;14,50
DI x pré;2844;4154;14,49
DI x pré;2874;4196;14,49
DI x pré;2935;4287;14,48
DI x pré;2960;4322;14,48
DI x pré;2999;4378;14,48
DI x pré;3061;4470;14,47
DI x pré;3095;4518;14,46
DI x pré;3126;4561;14,46
DI x pré;3186;4651;14,46
DI x pré;3206;4680;14,46
DI x pré;3250;4742;14,46
DI x pré;3313;4835;14,45
DI x pré;3346;4882;14,45
DI x pré;3376;4926;14,45
DI x pré;3438;5016;14,45
DI x pré;3455;5040;14,45
DI x pré;3503;5108;14,44
DI x pré;3566;5201;14,44
DI x pré;3596;5248;14,44
DI x pré;3628;5292;14,44
DI x pré;3687;5381;14,44
DI x pré;3700;5400;14,44
DI x pré;3752;5473;14,44
DI x pré;3818;5568;14,43
DI x pré;3827;5582;14,43
DI x pré;3880;5661;14,43
DI x pré;3938;5746;14,43
DI x pré;4003;5838;14,43
DI x pré;4069;5932;14,43
DI x pré;4129;6023;14,43
DI x pré;4190;6111;14,42
DI x pré;4255;6205;14,42
DI x pré;4317;6296;14,42
DI x pré;4379;6387;14,42
DI x pré;4440;6478;14,42
DI x pré;4504;6569;14,42
DI x pré;4567;6662;14,42
DI x pré;4632;6753;14,41
DI x pré;4690;6842;14,41
DI x pré;4755;6934;14,41
DI x pré;4878;7118;14,41
DI x pré;4934;7200;14,41
DI x pré;5004;7299;14,41
DI x pré;5129;7483;14,41
DI x pré;5253;7664;14,40
DI x pré;5381;7852;14,40
DI x pré;5505;8032;14,40
DI x pré;5629;8214;14,40
DI x pré;5754;8396;14,40
DI x pré;5881;8579;14,39
DI x pré;6005;8760;14,39
DI x pré;6170;9000;14,39
DI x pré;7194;10496;14,38
DI x pré;7405;10800;14,38
DI x pré;8511;12414;14,37
